<?xml version="1.0" encoding="utf-8"?>
<install type="module" version="1.5.0">
    <name>Category Select</name>
    <creationDate>Sep 2008</creationDate>
    <author>Kulendra Janaka</author>
    <copyright>This template is released under the GNU/GPL License</copyright>
    <authorEmail>kulendra@gmail.com</authorEmail>
    <authorUrl>www.kulendra.net</authorUrl>
    <version>1.0</version>
    <description></description>
     <files>
         <filename module="mod_catselect">mod_catselect.php</filename>
		 <folder>element</folder>
     </files>
	 <params addpath="/modules/mod_catselect/element">
		<param name="catids" type="categories"  default="" label="Categories" description="Categories" />
	 <param name="linkmenu" type="text" label="Linked Menu" description="Menu item to be linked for formatting"/>
	 </params>
</install>
