<?xml version="1.0" encoding="iso-8859-1"?>
<install version="1.5" type="template">
    <name>jt011_j15</name>
    <version>1.5.0</version>
    <creationDate>November 28, 2010</creationDate>
    <author>JoomlaThemes.co</author>
    <authorEmail>support@joomlathemes.co</authorEmail>
    <authorUrl>http://joomlathemes.co</authorUrl>
    <copyright>Copyright 2010 - JoomlaThemes.co</copyright>
    <license>Creative Commons</license>
	<description><![CDATA[
	<h1>JoomlaThemes.co - JT011</h1>	
	<img src="../templates/jt011_j15/template_thumbnail.png" align="left" hspace="10" style="padding-right:10px;"/>
	<b>Free Joomla 1.5 Template developed by <a target="_blank" href="http://joomlathemes.co">JoomlaThemes</a>, released under the <a target="_blank" href="http://creativecommons.org/licenses/by/3.0/us/">Creative Commons Attribution 3.0</a>.
	<br />Our free joomla templates may be used for both personal and commercial websites.<br />
	<br />Copyright &copy; 2010 JoomlaThemes.co - All Rights Reserved</b>
	]]></description>
	<files>
		<filename>index.php</filename>
		<filename>favicon.ico</filename>
		<filename>params.ini</filename>
		<filename>component.php</filename>
		<filename>functions.php</filename>
		<filename>template_thumbnail.png</filename>
		<filename>templateDetails.xml</filename>
		<folder>html/</folder>
		<folder>css/</folder>
		<folder>images/</folder>
	</files>
	<positions>
		<position>top</position>
		<position>logo</position>
		<position>menu</position>
		<position>right</position>
		<position>left</position>
		<position>slideshow</position>
		<position>user1</position>
		<position>user2</position>
		<position>user3</position>
		<position>footernav</position>
		<position>copyright</position>
	</positions>
</install>