<?xml version="1.0" encoding="utf-8"?>
<install type="component" version="1.5.0">
 <name>Store</name>
 <!-- The following elements are optional and free of formatting constraints -->
 <creationDate>2010-12-14</creationDate>
 <author>phplaw</author>
 <authorEmail>phplaw@gmail.com</authorEmail>
 <authorUrl>http://www.facebook.com/minhsonnguyen/</authorUrl>
 <copyright>Copyright 2010 by SonNguyen</copyright>
 <license>Private</license>
 <!--  The version string is recorded in the components table -->
 <version>1.0</version>
 <!-- The description is optional and defaults to the name -->
 <description>Store development ...</description> 
 
 <media destination="com_store" folder="media">		
		<folder>images</folder>
		<folder>thumbs</folder>
		<filename>index.html</filename>
	</media> 
 <!-- Site Main File Copy Section -->
 <!-- Note the folder attribute: This attribute describes the folder
      to copy FROM in the package to install therefore files copied
      in this section are copied from /site/ in the package -->
	  
 <files folder="site">
  <filename>controller.php</filename>
  <filename>store.php</filename>
  <filename>index.html</filename>  
  <folder>models</folder>
  <folder>views</folder>
  <folder>helpers</folder>
 </files>
 <!-- sql schema -->
  <install>
  <sql>
    <file charset="utf8" driver="mysql">sql/install.sql</file>
  </sql>
 </install>
 <uninstall>
  <sql>
    <file charset="utf8" driver="mysql">sql/uninstall.sql</file>
  </sql>
 </uninstall>
 <!-- /sql schema -->
 <administration>
  <!-- Administration Menu Section -->
  <menu>Store</menu>
 
  <!-- Administration Main File Copy Section -->
  <files folder="admin">
   <filename>store.php</filename>
   <filename>controller.php</filename>
   <filename>index.html</filename>
    <folder>assets</folder>    
    <folder>sql</folder>    
    <folder>views</folder>    
    <folder>models</folder>    
    <folder>tables</folder>    
    <folder>controllers</folder>    
  </files>
 
 </administration>
</install>
