<?xml version="1.0" encoding="utf-8"?>
<install type="module" version="1.5.0">
    <!-- Name of the Module -->
        <name>Article By Dates</name> 
 
    <!-- Name of the Author -->
        <author>Malaiselvan</author> 
 
    <!-- Version Date of the Module -->
        <creationDate>18-Feb-2009</creationDate> 
 
    <!-- Copyright information -->
        <copyright>All rights reserved by www.jeema.net.</copyright> 
 
    <!-- License Information -->
        <license>GPL 2.0</license> 
 
    <!-- Author's email address -->
        <authorEmail>support@jeema.net</authorEmail> 
 
    <!-- Author's website -->
        <authorUrl>www.jeema.net</authorUrl> 
 
    <!-- Module version number -->
        <version>1.0.2</version> 
 
    <!-- Description of what the module does -->
        <description>Displays the list of Articles based on dates</description>
 
    <!-- Listing of all files that should be installed for the module to function -->
        <files>
        <!-- The "module" attribute signifies that this is the main controller file -->
                <filename module="mod_articlebydates">mod_articlebydates.php</filename>
                <filename>index.html</filename>
                <filename>helper.php</filename>
                <filename>tmpl/default.php</filename>
                <filename>tmpl/index.html</filename>
        </files>
 
    <languages>
        <!-- Any language files included with the module -->
        <language tag="en-GB">en-GB.mod_articlebydates.ini</language>
    </languages>
 
    <!-- Optional parameters -->
        <params>
        <!-- parameter to allow placement of a module class suffix for the module table / xhtml display -->
        <param name="moduleclass_sfx" type="text" default="" label="Module Class Suffix" description="PARAMMODULECLASSSUFFIX" />
        <param name="menuclass_sfx" type="text" default="" label="LABEL MENU CLASS SFX" description="DESC MENU CLASS SFX" />
 
        <!-- just gives us a little room between the previous paramter and the next -->
        <param name="@spacer" type="spacer" default="" label="" description="" />

        <param name="group_by" type="list" default="YMD" label="LABEL GROUP BY" description="DESC GROUP BY">
          <option value="Y">Year</option>
          <option value="YM">Year &amp; Month</option>
          <option value="YMD">Year &amp; Month &amp; Day</option>
        </param>
        
        <param name="date_display_fmt" type="text" default="d-F-Y" label="LABEL DATE DISPLAY FMT" description="DESC DATE DISPLAY FMT"/>
        
        <param name="@spacer" type="spacer" default="" label="" description="" />
        
        <param name="date_pre_css" type="textarea" rows="3" cols="30" default="&lt;div class='dateheading'&gt;" label="LABEL DATE PRE CSS" description="DESC DATE PRE CSS"/>
        <param name="date_post_css" type="textarea" rows="3" cols="30" default="&lt;/div&gt;" label="LABEL DATE POST CSS" description="DESC DATE POST CSS"/>

        <param name="@spacer" type="spacer" default="" label="" description="" />
 
        <param name="category_id" type="text" default="1" label="LABEL CATEGORY ID" description="DESC CATEGORY ID"/>
        <param name="no_of_items_select" type="text" default="999" label="LABEL NO OF ITEMS SELECT" description="DESC NO OF ITEMS SELECT"/>
        <param name="no_of_chars" type="text" default="999" label="LABEL NO OF CHARS" description="DESC NO OF CHARS"/>
 
        <param name="order_by" type="list" default="1" label="LABEL ORDER BY" description="DESC ORDER BY">
            <option value="desc">Descending</option>
            <option value="asc">Ascending</option>
        </param>

        </params>
</install>
